ISO	Country	Subject Descriptor	Units	Scale	Country/Series-specific Notes	2015	Estimates Start After
AFG	Afghanistan	Gross domestic product, current prices	U.S. dollars	Billions	See notes for:  Gross domestic product, current prices (National currency).	21.526	2013
AFG	Afghanistan	Gross domestic product per capita, current prices	U.S. dollars	Units	See notes for:  Gross domestic product, current prices (National currency) Population (Persons).	672.545	2013
ALB	Albania	Gross domestic product, current prices	U.S. dollars	Billions	See notes for:  Gross domestic product, current prices (National currency).	12.405	2012
ALB	Albania	Gross domestic product per capita, current prices	U.S. dollars	Units	See notes for:  Gross domestic product, current prices (National currency) Population (Persons).	4,494.895	2010
DZA	Algeria	Gross domestic product, current prices	U.S. dollars	Billions	See notes for:  Gross domestic product, current prices (National currency).	187.166	2013
DZA	Algeria	Gross domestic product per capita, current prices	U.S. dollars	Units	See notes for:  Gross domestic product, current prices (National currency) Population (Persons).	4,741.499	2013
AGO	Angola	Gross domestic product, current prices	U.S. dollars	Billions	See notes for:  Gross domestic product, current prices (National currency).	106.149	2012
AGO	Angola	Gross domestic product per capita, current prices	U.S. dollars	Units	See notes for:  Gross domestic product, current prices (National currency) Population (Persons).	4,226.541	2012
ATG	Antigua and Barbuda	Gross domestic product, current prices	U.S. dollars	Billions	See notes for:  Gross domestic product, current prices (National currency).	1.281	2013
ATG	Antigua and Barbuda	Gross domestic product per capita, current prices	U.S. dollars	Units	See notes for:  Gross domestic product, current prices (National currency) Population (Persons).	14,348.513	2011
ARG	Argentina	Gross domestic product, current prices	U.S. dollars	Billions	See notes for:  Gross domestic product, current prices (National currency).	563.138	2013
ARG	Argentina	Gross domestic product per capita, current prices	U.S. dollars	Units	See notes for:  Gross domestic product, current prices (National currency) Population (Persons).	13,270.779	2010
ARM	Armenia	Gross domestic product, current prices	U.S. dollars	Billions	See notes for:  Gross domestic product, current prices (National currency).	9.301	2013
ARM	Armenia	Gross domestic product per capita, current prices	U.S. dollars	Units	See notes for:  Gross domestic product, current prices (National currency) Population (Persons).	2,819.259	2011
AUS	Australia	Gross domestic product, current prices	U.S. dollars	Billions	See notes for:  Gross domestic product, current prices (National currency).	1,252.273	2014
AUS	Australia	Gross domestic product per capita, current prices	U.S. dollars	Units	See notes for:  Gross domestic product, current prices (National currency) Population (Persons).	52,454.381	2013
AUT	Austria	Gross domestic product, current prices	U.S. dollars	Billions	See notes for:  Gross domestic product, current prices (National currency).	380.555	2013
AUT	Austria	Gross domestic product per capita, current prices	U.S. dollars	Units	See notes for:  Gross domestic product, current prices (National currency) Population (Persons).	44,475.589	2013
AZE	Azerbaijan	Gross domestic product, current prices	U.S. dollars	Billions	See notes for:  Gross domestic product, current prices (National currency).	62.199	2013
AZE	Azerbaijan	Gross domestic product per capita, current prices	U.S. dollars	Units	See notes for:  Gross domestic product, current prices (National currency) Population (Persons).	6,576.020	2011
BHS	The Bahamas	Gross domestic product, current prices	U.S. dollars	Billions	See notes for:  Gross domestic product, current prices (National currency).	9.185	2013
BHS	The Bahamas	Gross domestic product per capita, current prices	U.S. dollars	Units	See notes for:  Gross domestic product, current prices (National currency) Population (Persons).	25,220.854	2013
BHR	Bahrain	Gross domestic product, current prices	U.S. dollars	Billions	See notes for:  Gross domestic product, current prices (National currency).	31.315	2014
BHR	Bahrain	Gross domestic product per capita, current prices	U.S. dollars	Units	See notes for:  Gross domestic product, current prices (National currency) Population (Persons).	25,633.140	2013
BGD	Bangladesh	Gross domestic product, current prices	U.S. dollars	Billions	See notes for:  Gross domestic product, current prices (National currency).	205.327	2013
BGD	Bangladesh	Gross domestic product per capita, current prices	U.S. dollars	Units	See notes for:  Gross domestic product, current prices (National currency) Population (Persons).	1,284.442	2013
BRB	Barbados	Gross domestic product, current prices	U.S. dollars	Billions	See notes for:  Gross domestic product, current prices (National currency).	4.442	2013
BRB	Barbados	Gross domestic product per capita, current prices	U.S. dollars	Units	See notes for:  Gross domestic product, current prices (National currency) Population (Persons).	15,882.093	2010
BLR	Belarus	Gross domestic product, current prices	U.S. dollars	Billions	See notes for:  Gross domestic product, current prices (National currency).	60.530	2013
BLR	Belarus	Gross domestic product per capita, current prices	U.S. dollars	Units	See notes for:  Gross domestic product, current prices (National currency) Population (Persons).	6,425.221	2013
BEL	Belgium	Gross domestic product, current prices	U.S. dollars	Billions	See notes for:  Gross domestic product, current prices (National currency).	463.799	2014
BEL	Belgium	Gross domestic product per capita, current prices	U.S. dollars	Units	See notes for:  Gross domestic product, current prices (National currency) Population (Persons).	41,267.279	2014
BLZ	Belize	Gross domestic product, current prices	U.S. dollars	Billions	See notes for:  Gross domestic product, current prices (National currency).	1.759	2013
BLZ	Belize	Gross domestic product per capita, current prices	U.S. dollars	Units	See notes for:  Gross domestic product, current prices (National currency) Population (Persons).	4,834.317	2013
BEN	Benin	Gross domestic product, current prices	U.S. dollars	Billions	See notes for:  Gross domestic product, current prices (National currency).	8.332	2012
BEN	Benin	Gross domestic product per capita, current prices	U.S. dollars	Units	See notes for:  Gross domestic product, current prices (National currency) Population (Persons).	767.098	2011
BTN	Bhutan	Gross domestic product, current prices	U.S. dollars	Billions	See notes for:  Gross domestic product, current prices (National currency).	2.246	0
BTN	Bhutan	Gross domestic product per capita, current prices	U.S. dollars	Units	See notes for:  Gross domestic product, current prices (National currency) Population (Persons).	2,884.257	0
BOL	Bolivia	Gross domestic product, current prices	U.S. dollars	Billions	See notes for:  Gross domestic product, current prices (National currency).	35.027	2013
BOL	Bolivia	Gross domestic product per capita, current prices	U.S. dollars	Units	See notes for:  Gross domestic product, current prices (National currency) Population (Persons).	3,056.491	2011
BIH	Bosnia and Herzegovina	Gross domestic product, current prices	U.S. dollars	Billions	See notes for:  Gross domestic product, current prices (National currency).	16.638	2012
BIH	Bosnia and Herzegovina	Gross domestic product per capita, current prices	U.S. dollars	Units	See notes for:  Gross domestic product, current prices (National currency) Population (Persons).	4,306.864	2012
BWA	Botswana	Gross domestic product, current prices	U.S. dollars	Billions	See notes for:  Gross domestic product, current prices (National currency).	15.768	2012
BWA	Botswana	Gross domestic product per capita, current prices	U.S. dollars	Units	See notes for:  Gross domestic product, current prices (National currency) Population (Persons).	7,407.114	2008
BRA	Brazil	Gross domestic product, current prices	U.S. dollars	Billions	See notes for:  Gross domestic product, current prices (National currency).	1,903.934	2014
BRA	Brazil	Gross domestic product per capita, current prices	U.S. dollars	Units	See notes for:  Gross domestic product, current prices (National currency) Population (Persons).	9,312.427	2014
BRN	Brunei Darussalam	Gross domestic product, current prices	U.S. dollars	Billions	See notes for:  Gross domestic product, current prices (National currency).	11.236	2013
BRN	Brunei Darussalam	Gross domestic product per capita, current prices	U.S. dollars	Units	See notes for:  Gross domestic product, current prices (National currency) Population (Persons).	26,804.389	2013
BGR	Bulgaria	Gross domestic product, current prices	U.S. dollars	Billions	See notes for:  Gross domestic product, current prices (National currency).	51.551	2013
BGR	Bulgaria	Gross domestic product per capita, current prices	U.S. dollars	Units	See notes for:  Gross domestic product, current prices (National currency) Population (Persons).	7,193.712	2013
BFA	Burkina Faso	Gross domestic product, current prices	U.S. dollars	Billions	See notes for:  Gross domestic product, current prices (National currency).	11.323	2012
BFA	Burkina Faso	Gross domestic product per capita, current prices	U.S. dollars	Units	See notes for:  Gross domestic product, current prices (National currency) Population (Persons).	631.370	2011
BDI	Burundi	Gross domestic product, current prices	U.S. dollars	Billions	See notes for:  Gross domestic product, current prices (National currency).	3.388	2011
BDI	Burundi	Gross domestic product per capita, current prices	U.S. dollars	Units	See notes for:  Gross domestic product, current prices (National currency) Population (Persons).	359.539	0
CPV	Cabo Verde	Gross domestic product, current prices	U.S. dollars	Billions	See notes for:  Gross domestic product, current prices (National currency).	1.802	2012
CPV	Cabo Verde	Gross domestic product per capita, current prices	U.S. dollars	Units	See notes for:  Gross domestic product, current prices (National currency) Population (Persons).	3,433.335	2012
KHM	Cambodia	Gross domestic product, current prices	U.S. dollars	Billions	See notes for:  Gross domestic product, current prices (National currency).	17.814	2013
KHM	Cambodia	Gross domestic product per capita, current prices	U.S. dollars	Units	See notes for:  Gross domestic product, current prices (National currency) Population (Persons).	1,146.085	2012
CMR	Cameroon	Gross domestic product, current prices	U.S. dollars	Billions	See notes for:  Gross domestic product, current prices (National currency).	28.826	2013
CMR	Cameroon	Gross domestic product per capita, current prices	U.S. dollars	Units	See notes for:  Gross domestic product, current prices (National currency) Population (Persons).	1,247.468	2010
CAN	Canada	Gross domestic product, current prices	U.S. dollars	Billions	See notes for:  Gross domestic product, current prices (National currency).	1,615.471	2014
CAN	Canada	Gross domestic product per capita, current prices	U.S. dollars	Units	See notes for:  Gross domestic product, current prices (National currency) Population (Persons).	45,028.931	2013
CAF	Central African Republic	Gross domestic product, current prices	U.S. dollars	Billions	See notes for:  Gross domestic product, current prices (National currency).	1.801	2012
CAF	Central African Republic	Gross domestic product per capita, current prices	U.S. dollars	Units	See notes for:  Gross domestic product, current prices (National currency) Population (Persons).	375.684	2004
TCD	Chad	Gross domestic product, current prices	U.S. dollars	Billions	See notes for:  Gross domestic product, current prices (National currency).	12.016	2013
TCD	Chad	Gross domestic product per capita, current prices	U.S. dollars	Units	See notes for:  Gross domestic product, current prices (National currency) Population (Persons).	1,038.885	2004
CHL	Chile	Gross domestic product, current prices	U.S. dollars	Billions	See notes for:  Gross domestic product, current prices (National currency).	250.472	2013
CHL	Chile	Gross domestic product per capita, current prices	U.S. dollars	Units	See notes for:  Gross domestic product, current prices (National currency) Population (Persons).	13,910.149	2002
CHN	China	Gross domestic product, current prices	U.S. dollars	Billions	See notes for:  Gross domestic product, current prices (National currency).	11,211.928	2013
CHN	China	Gross domestic product per capita, current prices	U.S. dollars	Units	See notes for:  Gross domestic product, current prices (National currency) Population (Persons).	8,154.384	2013
COL	Colombia	Gross domestic product, current prices	U.S. dollars	Billions	See notes for:  Gross domestic product, current prices (National currency).	332.384	2013
COL	Colombia	Gross domestic product per capita, current prices	U.S. dollars	Units	See notes for:  Gross domestic product, current prices (National currency) Population (Persons).	6,894.622	2009
COM	Comoros	Gross domestic product, current prices	U.S. dollars	Billions	See notes for:  Gross domestic product, current prices (National currency).	0.677	2013
COM	Comoros	Gross domestic product per capita, current prices	U.S. dollars	Units	See notes for:  Gross domestic product, current prices (National currency) Population (Persons).	846.900	2003
COD	Democratic Republic of the Congo	Gross domestic product, current prices	U.S. dollars	Billions	See notes for:  Gross domestic product, current prices (National currency).	39.064	2006
COD	Democratic Republic of the Congo	Gross domestic product per capita, current prices	U.S. dollars	Units	See notes for:  Gross domestic product, current prices (National currency) Population (Persons).	478.259	1983
COG	Republic of Congo	Gross domestic product, current prices	U.S. dollars	Billions	See notes for:  Gross domestic product, current prices (National currency).	10.175	2013
COG	Republic of Congo	Gross domestic product per capita, current prices	U.S. dollars	Units	See notes for:  Gross domestic product, current prices (National currency) Population (Persons).	2,329.379	2004
CRI	Costa Rica	Gross domestic product, current prices	U.S. dollars	Billions	See notes for:  Gross domestic product, current prices (National currency).	52.800	2013
CRI	Costa Rica	Gross domestic product per capita, current prices	U.S. dollars	Units	See notes for:  Gross domestic product, current prices (National currency) Population (Persons).	10,915.958	2011
CIV	Côte d'Ivoire	Gross domestic product, current prices	U.S. dollars	Billions	See notes for:  Gross domestic product, current prices (National currency).	31.753	2012
CIV	Côte d'Ivoire	Gross domestic product per capita, current prices	U.S. dollars	Units	See notes for:  Gross domestic product, current prices (National currency) Population (Persons).	1,362.355	2012
HRV	Croatia	Gross domestic product, current prices	U.S. dollars	Billions	See notes for:  Gross domestic product, current prices (National currency).	48.874	2014
HRV	Croatia	Gross domestic product per capita, current prices	U.S. dollars	Units	See notes for:  Gross domestic product, current prices (National currency) Population (Persons).	11,537.741	2013
CYP	Cyprus	Gross domestic product, current prices	U.S. dollars	Billions	See notes for:  Gross domestic product, current prices (National currency).	19.812	2014
CYP	Cyprus	Gross domestic product per capita, current prices	U.S. dollars	Units	See notes for:  Gross domestic product, current prices (National currency) Population (Persons).	22,006.850	2014
CZE	Czech Republic	Gross domestic product, current prices	U.S. dollars	Billions	See notes for:  Gross domestic product, current prices (National currency).	180.789	2014
CZE	Czech Republic	Gross domestic product per capita, current prices	U.S. dollars	Units	See notes for:  Gross domestic product, current prices (National currency) Population (Persons).	17,171.199	2013
DNK	Denmark	Gross domestic product, current prices	U.S. dollars	Billions	See notes for:  Gross domestic product, current prices (National currency).	297.359	2013
DNK	Denmark	Gross domestic product per capita, current prices	U.S. dollars	Units	See notes for:  Gross domestic product, current prices (National currency) Population (Persons).	52,821.788	2013
DJI	Djibouti	Gross domestic product, current prices	U.S. dollars	Billions	See notes for:  Gross domestic product, current prices (National currency).	1.743	2014
DJI	Djibouti	Gross domestic product per capita, current prices	U.S. dollars	Units	See notes for:  Gross domestic product, current prices (National currency) Population (Persons).	1,805.183	2009
DMA	Dominica	Gross domestic product, current prices	U.S. dollars	Billions	See notes for:  Gross domestic product, current prices (National currency).	0.534	2013
DMA	Dominica	Gross domestic product per capita, current prices	U.S. dollars	Units	See notes for:  Gross domestic product, current prices (National currency) Population (Persons).	7,553.895	2011
DOM	Dominican Republic	Gross domestic product, current prices	U.S. dollars	Billions	See notes for:  Gross domestic product, current prices (National currency).	66.199	2013
DOM	Dominican Republic	Gross domestic product per capita, current prices	U.S. dollars	Units	See notes for:  Gross domestic product, current prices (National currency) Population (Persons).	6,134.073	2013
ECU	Ecuador	Gross domestic product, current prices	U.S. dollars	Billions	See notes for:  Gross domestic product, current prices (National currency).	102.663	2013
ECU	Ecuador	Gross domestic product per capita, current prices	U.S. dollars	Units	See notes for:  Gross domestic product, current prices (National currency) Population (Persons).	6,306.543	2013
EGY	Egypt	Gross domestic product, current prices	U.S. dollars	Billions	See notes for:  Gross domestic product, current prices (National currency).	n/a	2014
EGY	Egypt	Gross domestic product per capita, current prices	U.S. dollars	Units	See notes for:  Gross domestic product, current prices (National currency) Population (Persons).	n/a	2014
SLV	El Salvador	Gross domestic product, current prices	U.S. dollars	Billions	See notes for:  Gross domestic product, current prices (National currency).	26.152	2013
SLV	El Salvador	Gross domestic product per capita, current prices	U.S. dollars	Units	See notes for:  Gross domestic product, current prices (National currency) Population (Persons).	4,100.834	2007
GNQ	Equatorial Guinea	Gross domestic product, current prices	U.S. dollars	Billions	See notes for:  Gross domestic product, current prices (National currency).	8.506	2013
GNQ	Equatorial Guinea	Gross domestic product per capita, current prices	U.S. dollars	Units	See notes for:  Gross domestic product, current prices (National currency) Population (Persons).	10,640.905	2010
ERI	Eritrea	Gross domestic product, current prices	U.S. dollars	Billions	See notes for:  Gross domestic product, current prices (National currency).	4.253	2006
ERI	Eritrea	Gross domestic product per capita, current prices	U.S. dollars	Units	See notes for:  Gross domestic product, current prices (National currency) Population (Persons).	629.839	2006
EST	Estonia	Gross domestic product, current prices	U.S. dollars	Billions	See notes for:  Gross domestic product, current prices (National currency).	23.113	2013
EST	Estonia	Gross domestic product per capita, current prices	U.S. dollars	Units	See notes for:  Gross domestic product, current prices (National currency) Population (Persons).	17,561.683	2013
ETH	Ethiopia	Gross domestic product, current prices	U.S. dollars	Billions	See notes for:  Gross domestic product, current prices (National currency).	57.557	2014
ETH	Ethiopia	Gross domestic product per capita, current prices	U.S. dollars	Units	See notes for:  Gross domestic product, current prices (National currency) Population (Persons).	618.999	2008
FJI	Fiji	Gross domestic product, current prices	U.S. dollars	Billions	See notes for:  Gross domestic product, current prices (National currency).	4.413	2013
FJI	Fiji	Gross domestic product per capita, current prices	U.S. dollars	Units	See notes for:  Gross domestic product, current prices (National currency) Population (Persons).	4,959.103	2013
FIN	Finland	Gross domestic product, current prices	U.S. dollars	Billions	See notes for:  Gross domestic product, current prices (National currency).	235.276	2014
FIN	Finland	Gross domestic product per capita, current prices	U.S. dollars	Units	See notes for:  Gross domestic product, current prices (National currency) Population (Persons).	42,732.766	2013
FRA	France	Gross domestic product, current prices	U.S. dollars	Billions	See notes for:  Gross domestic product, current prices (National currency).	2,469.530	2014
FRA	France	Gross domestic product per capita, current prices	U.S. dollars	Units	See notes for:  Gross domestic product, current prices (National currency) Population (Persons).	38,458.498	2014
GAB	Gabon	Gross domestic product, current prices	U.S. dollars	Billions	See notes for:  Gross domestic product, current prices (National currency).	15.027	2013
GAB	Gabon	Gross domestic product per capita, current prices	U.S. dollars	Units	See notes for:  Gross domestic product, current prices (National currency) Population (Persons).	9,343.254	0
GMB	The Gambia	Gross domestic product, current prices	U.S. dollars	Billions	See notes for:  Gross domestic product, current prices (National currency).	0.781	2012
GMB	The Gambia	Gross domestic product per capita, current prices	U.S. dollars	Units	See notes for:  Gross domestic product, current prices (National currency) Population (Persons).	394.561	2010
GEO	Georgia	Gross domestic product, current prices	U.S. dollars	Billions	See notes for:  Gross domestic product, current prices (National currency).	13.758	2013
GEO	Georgia	Gross domestic product per capita, current prices	U.S. dollars	Units	See notes for:  Gross domestic product, current prices (National currency) Population (Persons).	3,087.194	2013
DEU	Germany	Gross domestic product, current prices	U.S. dollars	Billions	See notes for:  Gross domestic product, current prices (National currency).	3,413.483	2013
DEU	Germany	Gross domestic product per capita, current prices	U.S. dollars	Units	See notes for:  Gross domestic product, current prices (National currency) Population (Persons).	41,955.229	2013
GHA	Ghana	Gross domestic product, current prices	U.S. dollars	Billions	See notes for:  Gross domestic product, current prices (National currency).	39.219	2012
GHA	Ghana	Gross domestic product per capita, current prices	U.S. dollars	Units	See notes for:  Gross domestic product, current prices (National currency) Population (Persons).	1,458.697	0
GRC	Greece	Gross domestic product, current prices	U.S. dollars	Billions	See notes for:  Gross domestic product, current prices (National currency).	207.148	2014
GRC	Greece	Gross domestic product per capita, current prices	U.S. dollars	Units	See notes for:  Gross domestic product, current prices (National currency) Population (Persons).	18,863.168	2014
GRD	Grenada	Gross domestic product, current prices	U.S. dollars	Billions	See notes for:  Gross domestic product, current prices (National currency).	0.882	2013
GRD	Grenada	Gross domestic product per capita, current prices	U.S. dollars	Units	See notes for:  Gross domestic product, current prices (National currency) Population (Persons).	8,294.357	2011
GTM	Guatemala	Gross domestic product, current prices	U.S. dollars	Billions	See notes for:  Gross domestic product, current prices (National currency).	66.037	2013
GTM	Guatemala	Gross domestic product per capita, current prices	U.S. dollars	Units	See notes for:  Gross domestic product, current prices (National currency) Population (Persons).	4,059.738	2010
GIN	Guinea	Gross domestic product, current prices	U.S. dollars	Billions	See notes for:  Gross domestic product, current prices (National currency).	7.155	2009
GIN	Guinea	Gross domestic product per capita, current prices	U.S. dollars	Units	See notes for:  Gross domestic product, current prices (National currency) Population (Persons).	612.137	2009
GNB	Guinea-Bissau	Gross domestic product, current prices	U.S. dollars	Billions	See notes for:  Gross domestic product, current prices (National currency).	0.982	2011
GNB	Guinea-Bissau	Gross domestic product per capita, current prices	U.S. dollars	Units	See notes for:  Gross domestic product, current prices (National currency) Population (Persons).	552.777	2004
GUY	Guyana	Gross domestic product, current prices	U.S. dollars	Billions	See notes for:  Gross domestic product, current prices (National currency).	3.147	2012
GUY	Guyana	Gross domestic product per capita, current prices	U.S. dollars	Units	See notes for:  Gross domestic product, current prices (National currency) Population (Persons).	3,923.913	2002
HTI	Haiti	Gross domestic product, current prices	U.S. dollars	Billions	See notes for:  Gross domestic product, current prices (National currency).	9.152	2013
HTI	Haiti	Gross domestic product per capita, current prices	U.S. dollars	Units	See notes for:  Gross domestic product, current prices (National currency) Population (Persons).	863.131	0
HND	Honduras	Gross domestic product, current prices	U.S. dollars	Billions	See notes for:  Gross domestic product, current prices (National currency).	19.977	2013
HND	Honduras	Gross domestic product per capita, current prices	U.S. dollars	Units	See notes for:  Gross domestic product, current prices (National currency) Population (Persons).	2,368.811	2001
HKG	Hong Kong SAR	Gross domestic product, current prices	U.S. dollars	Billions	See notes for:  Gross domestic product, current prices (National currency).	310.074	2014
HKG	Hong Kong SAR	Gross domestic product per capita, current prices	U.S. dollars	Units	See notes for:  Gross domestic product, current prices (National currency) Population (Persons).	42,437.289	2014
HUN	Hungary	Gross domestic product, current prices	U.S. dollars	Billions	See notes for:  Gross domestic product, current prices (National currency).	126.691	2013
HUN	Hungary	Gross domestic product per capita, current prices	U.S. dollars	Units	See notes for:  Gross domestic product, current prices (National currency) Population (Persons).	12,852.529	2013
ISL	Iceland	Gross domestic product, current prices	U.S. dollars	Billions	See notes for:  Gross domestic product, current prices (National currency).	17.807	2013
ISL	Iceland	Gross domestic product per capita, current prices	U.S. dollars	Units	See notes for:  Gross domestic product, current prices (National currency) Population (Persons).	54,331.398	2013
IND	India	Gross domestic product, current prices	U.S. dollars	Billions	See notes for:  Gross domestic product, current prices (National currency).	2,308.018	2014
IND	India	Gross domestic product per capita, current prices	U.S. dollars	Units	See notes for:  Gross domestic product, current prices (National currency) Population (Persons).	1,808.413	2013
IDN	Indonesia	Gross domestic product, current prices	U.S. dollars	Billions	See notes for:  Gross domestic product, current prices (National currency).	895.677	2014
IDN	Indonesia	Gross domestic product per capita, current prices	U.S. dollars	Units	See notes for:  Gross domestic product, current prices (National currency) Population (Persons).	3,511.403	2010
IRN	Islamic Republic of Iran	Gross domestic product, current prices	U.S. dollars	Billions	See notes for:  Gross domestic product, current prices (National currency).	393.495	2013
IRN	Islamic Republic of Iran	Gross domestic product per capita, current prices	U.S. dollars	Units	See notes for:  Gross domestic product, current prices (National currency) Population (Persons).	4,982.729	2012
IRQ	Iraq	Gross domestic product, current prices	U.S. dollars	Billions	See notes for:  Gross domestic product, current prices (National currency).	173.819	2014
IRQ	Iraq	Gross domestic product per capita, current prices	U.S. dollars	Units	See notes for:  Gross domestic product, current prices (National currency) Population (Persons).	4,700.729	2013
IRL	Ireland	Gross domestic product, current prices	U.S. dollars	Billions	See notes for:  Gross domestic product, current prices (National currency).	220.011	2014
IRL	Ireland	Gross domestic product per capita, current prices	U.S. dollars	Units	See notes for:  Gross domestic product, current prices (National currency) Population (Persons).	47,329.050	2014
ISR	Israel	Gross domestic product, current prices	U.S. dollars	Billions	See notes for:  Gross domestic product, current prices (National currency).	306.873	2014
ISR	Israel	Gross domestic product per capita, current prices	U.S. dollars	Units	See notes for:  Gross domestic product, current prices (National currency) Population (Persons).	36,658.804	2014
ITA	Italy	Gross domestic product, current prices	U.S. dollars	Billions	See notes for:  Gross domestic product, current prices (National currency).	1,842.835	2014
ITA	Italy	Gross domestic product per capita, current prices	U.S. dollars	Units	See notes for:  Gross domestic product, current prices (National currency) Population (Persons).	30,593.798	2014
JAM	Jamaica	Gross domestic product, current prices	U.S. dollars	Billions	See notes for:  Gross domestic product, current prices (National currency).	13.850	2013
JAM	Jamaica	Gross domestic product per capita, current prices	U.S. dollars	Units	See notes for:  Gross domestic product, current prices (National currency) Population (Persons).	4,921.651	2013
JPN	Japan	Gross domestic product, current prices	U.S. dollars	Billions	See notes for:  Gross domestic product, current prices (National currency).	4,210.363	2014
JPN	Japan	Gross domestic product per capita, current prices	U.S. dollars	Units	See notes for:  Gross domestic product, current prices (National currency) Population (Persons).	33,223.357	2014
JOR	Jordan	Gross domestic product, current prices	U.S. dollars	Billions	See notes for:  Gross domestic product, current prices (National currency).	38.145	2013
JOR	Jordan	Gross domestic product per capita, current prices	U.S. dollars	Units	See notes for:  Gross domestic product, current prices (National currency) Population (Persons).	5,589.990	2013
KAZ	Kazakhstan	Gross domestic product, current prices	U.S. dollars	Billions	See notes for:  Gross domestic product, current prices (National currency).	203.140	2013
KAZ	Kazakhstan	Gross domestic product per capita, current prices	U.S. dollars	Units	See notes for:  Gross domestic product, current prices (National currency) Population (Persons).	11,488.138	2013
KEN	Kenya	Gross domestic product, current prices	U.S. dollars	Billions	See notes for:  Gross domestic product, current prices (National currency).	65.899	2014
KEN	Kenya	Gross domestic product per capita, current prices	U.S. dollars	Units	See notes for:  Gross domestic product, current prices (National currency) Population (Persons).	1,495.111	2013
KIR	Kiribati	Gross domestic product, current prices	U.S. dollars	Billions	See notes for:  Gross domestic product, current prices (National currency).	0.168	2013
KIR	Kiribati	Gross domestic product per capita, current prices	U.S. dollars	Units	See notes for:  Gross domestic product, current prices (National currency) Population (Persons).	1,510.892	2013
KOR	Korea	Gross domestic product, current prices	U.S. dollars	Billions	See notes for:  Gross domestic product, current prices (National currency).	1,435.076	2014
KOR	Korea	Gross domestic product per capita, current prices	U.S. dollars	Units	See notes for:  Gross domestic product, current prices (National currency) Population (Persons).	28,338.231	2014
UVK	Kosovo	Gross domestic product, current prices	U.S. dollars	Billions	See notes for:  Gross domestic product, current prices (National currency).	6.466	2013
UVK	Kosovo	Gross domestic product per capita, current prices	U.S. dollars	Units			
KWT	Kuwait	Gross domestic product, current prices	U.S. dollars	Billions	See notes for:  Gross domestic product, current prices (National currency).	134.478	2013
KWT	Kuwait	Gross domestic product per capita, current prices	U.S. dollars	Units	See notes for:  Gross domestic product, current prices (National currency) Population (Persons).	32,719.726	2013
KGZ	Kyrgyz Republic	Gross domestic product, current prices	U.S. dollars	Billions	See notes for:  Gross domestic product, current prices (National currency).	7.368	2014
KGZ	Kyrgyz Republic	Gross domestic product per capita, current prices	U.S. dollars	Units	See notes for:  Gross domestic product, current prices (National currency) Population (Persons).	1,279.783	2012
LAO	Lao P.D.R.	Gross domestic product, current prices	U.S. dollars	Billions	See notes for:  Gross domestic product, current prices (National currency).	12.764	2013
LAO	Lao P.D.R.	Gross domestic product per capita, current prices	U.S. dollars	Units	See notes for:  Gross domestic product, current prices (National currency) Population (Persons).	1,815.838	2012
LVA	Latvia	Gross domestic product, current prices	U.S. dollars	Billions	See notes for:  Gross domestic product, current prices (National currency).	28.362	2013
LVA	Latvia	Gross domestic product per capita, current prices	U.S. dollars	Units	See notes for:  Gross domestic product, current prices (National currency) Population (Persons).	13,995.612	2013
LBN	Lebanon	Gross domestic product, current prices	U.S. dollars	Billions	See notes for:  Gross domestic product, current prices (National currency).	54.671	2011
LBN	Lebanon	Gross domestic product per capita, current prices	U.S. dollars	Units	See notes for:  Gross domestic product, current prices (National currency) Population (Persons).	12,006.036	2011
LSO	Lesotho	Gross domestic product, current prices	U.S. dollars	Billions	See notes for:  Gross domestic product, current prices (National currency).	2.114	2012
LSO	Lesotho	Gross domestic product per capita, current prices	U.S. dollars	Units	See notes for:  Gross domestic product, current prices (National currency) Population (Persons).	1,103.371	2006
LBR	Liberia	Gross domestic product, current prices	U.S. dollars	Billions	See notes for:  Gross domestic product, current prices (National currency).	2.056	2011
LBR	Liberia	Gross domestic product per capita, current prices	U.S. dollars	Units	See notes for:  Gross domestic product, current prices (National currency) Population (Persons).	478.594	2009
LBY	Libya	Gross domestic product, current prices	U.S. dollars	Billions	See notes for:  Gross domestic product, current prices (National currency).	34.239	2014
LBY	Libya	Gross domestic product per capita, current prices	U.S. dollars	Units	See notes for:  Gross domestic product, current prices (National currency) Population (Persons).	5,430.155	2014
LTU	Lithuania	Gross domestic product, current prices	U.S. dollars	Billions	See notes for:  Gross domestic product, current prices (National currency).	42.642	2013
LTU	Lithuania	Gross domestic product per capita, current prices	U.S. dollars	Units	See notes for:  Gross domestic product, current prices (National currency) Population (Persons).	14,559.516	2013
LUX	Luxembourg	Gross domestic product, current prices	U.S. dollars	Billions	See notes for:  Gross domestic product, current prices (National currency).	54.940	2013
LUX	Luxembourg	Gross domestic product per capita, current prices	U.S. dollars	Units	See notes for:  Gross domestic product, current prices (National currency) Population (Persons).	96,268.653	2013
MKD	FYR Macedonia	Gross domestic product, current prices	U.S. dollars	Billions	See notes for:  Gross domestic product, current prices (National currency).	10.147	2014
MKD	FYR Macedonia	Gross domestic product per capita, current prices	U.S. dollars	Units	See notes for:  Gross domestic product, current prices (National currency) Population (Persons).	4,895.522	2013
MDG	Madagascar	Gross domestic product, current prices	U.S. dollars	Billions	See notes for:  Gross domestic product, current prices (National currency).	10.750	2013
MDG	Madagascar	Gross domestic product per capita, current prices	U.S. dollars	Units	See notes for:  Gross domestic product, current prices (National currency) Population (Persons).	443.593	2006
MWI	Malawi	Gross domestic product, current prices	U.S. dollars	Billions	See notes for:  Gross domestic product, current prices (National currency).	4.943	2010
MWI	Malawi	Gross domestic product per capita, current prices	U.S. dollars	Units	See notes for:  Gross domestic product, current prices (National currency) Population (Persons).	272.956	2010
MYS	Malaysia	Gross domestic product, current prices	U.S. dollars	Billions	See notes for:  Gross domestic product, current prices (National currency).	327.890	2014
MYS	Malaysia	Gross domestic product per capita, current prices	U.S. dollars	Units	See notes for:  Gross domestic product, current prices (National currency) Population (Persons).	10,654.044	2014
MDV	Maldives	Gross domestic product, current prices	U.S. dollars	Billions	See notes for:  Gross domestic product, current prices (National currency).	3.032	2013
MDV	Maldives	Gross domestic product per capita, current prices	U.S. dollars	Units	See notes for:  Gross domestic product, current prices (National currency) Population (Persons).	8,716.666	2006
MLI	Mali	Gross domestic product, current prices	U.S. dollars	Billions	See notes for:  Gross domestic product, current prices (National currency).	10.968	2011
MLI	Mali	Gross domestic product per capita, current prices	U.S. dollars	Units	See notes for:  Gross domestic product, current prices (National currency) Population (Persons).	673.104	2010
MLT	Malta	Gross domestic product, current prices	U.S. dollars	Billions	See notes for:  Gross domestic product, current prices (National currency).	9.508	2013
MLT	Malta	Gross domestic product per capita, current prices	U.S. dollars	Units	See notes for:  Gross domestic product, current prices (National currency) Population (Persons).	22,319.006	2013
MHL	Marshall Islands	Gross domestic product, current prices	U.S. dollars	Billions	See notes for:  Gross domestic product, current prices (National currency).	0.195	2013
MHL	Marshall Islands	Gross domestic product per capita, current prices	U.S. dollars	Units	See notes for:  Gross domestic product, current prices (National currency) Population (Persons).	3,527.278	2013
MRT	Mauritania	Gross domestic product, current prices	U.S. dollars	Billions	See notes for:  Gross domestic product, current prices (National currency).	4.994	2014
MRT	Mauritania	Gross domestic product per capita, current prices	U.S. dollars	Units	See notes for:  Gross domestic product, current prices (National currency) Population (Persons).	1,347.446	2012
MUS	Mauritius	Gross domestic product, current prices	U.S. dollars	Billions	See notes for:  Gross domestic product, current prices (National currency).	13.358	2013
MUS	Mauritius	Gross domestic product per capita, current prices	U.S. dollars	Units	See notes for:  Gross domestic product, current prices (National currency) Population (Persons).	10,608.747	2012
MEX	Mexico	Gross domestic product, current prices	U.S. dollars	Billions	See notes for:  Gross domestic product, current prices (National currency).	1,231.982	2014
MEX	Mexico	Gross domestic product per capita, current prices	U.S. dollars	Units	See notes for:  Gross domestic product, current prices (National currency) Population (Persons).	10,174.328	2014
FSM	Micronesia	Gross domestic product, current prices	U.S. dollars	Billions	See notes for:  Gross domestic product, current prices (National currency).	0.316	2013
FSM	Micronesia	Gross domestic product per capita, current prices	U.S. dollars	Units	See notes for:  Gross domestic product, current prices (National currency) Population (Persons).	3,051.664	2013
MDA	Moldova	Gross domestic product, current prices	U.S. dollars	Billions	See notes for:  Gross domestic product, current prices (National currency).	6.140	2013
MDA	Moldova	Gross domestic product per capita, current prices	U.S. dollars	Units	See notes for:  Gross domestic product, current prices (National currency) Population (Persons).	1,725.904	2013
MNG	Mongolia	Gross domestic product, current prices	U.S. dollars	Billions	See notes for:  Gross domestic product, current prices (National currency).	12.455	2013
MNG	Mongolia	Gross domestic product per capita, current prices	U.S. dollars	Units	See notes for:  Gross domestic product, current prices (National currency) Population (Persons).	4,194.591	2013
MNE	Montenegro	Gross domestic product, current prices	U.S. dollars	Billions	See notes for:  Gross domestic product, current prices (National currency).	4.239	2014
MNE	Montenegro	Gross domestic product per capita, current prices	U.S. dollars	Units	See notes for:  Gross domestic product, current prices (National currency) Population (Persons).	6,777.934	2013
MAR	Morocco	Gross domestic product, current prices	U.S. dollars	Billions	See notes for:  Gross domestic product, current prices (National currency).	102.044	2013
MAR	Morocco	Gross domestic product per capita, current prices	U.S. dollars	Units	See notes for:  Gross domestic product, current prices (National currency) Population (Persons).	3,045.811	2013
MOZ	Mozambique	Gross domestic product, current prices	U.S. dollars	Billions	See notes for:  Gross domestic product, current prices (National currency).	16.921	2013
MOZ	Mozambique	Gross domestic product per capita, current prices	U.S. dollars	Units	See notes for:  Gross domestic product, current prices (National currency) Population (Persons).	623.888	2013
MMR	Myanmar	Gross domestic product, current prices	U.S. dollars	Billions	See notes for:  Gross domestic product, current prices (National currency).	69.143	2014
MMR	Myanmar	Gross domestic product per capita, current prices	U.S. dollars	Units	See notes for:  Gross domestic product, current prices (National currency) Population (Persons).	1,333.632	2006
NAM	Namibia	Gross domestic product, current prices	U.S. dollars	Billions	See notes for:  Gross domestic product, current prices (National currency).	12.571	2011
NAM	Namibia	Gross domestic product per capita, current prices	U.S. dollars	Units	See notes for:  Gross domestic product, current prices (National currency) Population (Persons).	5,691.290	2008
NPL	Nepal	Gross domestic product, current prices	U.S. dollars	Billions	See notes for:  Gross domestic product, current prices (National currency).	21.688	2014
NPL	Nepal	Gross domestic product per capita, current prices	U.S. dollars	Units	See notes for:  Gross domestic product, current prices (National currency) Population (Persons).	762.805	2012
NLD	Netherlands	Gross domestic product, current prices	U.S. dollars	Billions	See notes for:  Gross domestic product, current prices (National currency).	749.365	2014
NLD	Netherlands	Gross domestic product per capita, current prices	U.S. dollars	Units	See notes for:  Gross domestic product, current prices (National currency) Population (Persons).	44,249.475	2014
NZL	New Zealand	Gross domestic product, current prices	U.S. dollars	Billions	See notes for:  Gross domestic product, current prices (National currency).	191.730	2013
NZL	New Zealand	Gross domestic product per capita, current prices	U.S. dollars	Units	See notes for:  Gross domestic product, current prices (National currency) Population (Persons).	42,017.261	2013
NIC	Nicaragua	Gross domestic product, current prices	U.S. dollars	Billions	See notes for:  Gross domestic product, current prices (National currency).	12.296	2013
NIC	Nicaragua	Gross domestic product per capita, current prices	U.S. dollars	Units	See notes for:  Gross domestic product, current prices (National currency) Population (Persons).	1,951.847	2013
NER	Niger	Gross domestic product, current prices	U.S. dollars	Billions	See notes for:  Gross domestic product, current prices (National currency).	7.270	2013
NER	Niger	Gross domestic product per capita, current prices	U.S. dollars	Units	See notes for:  Gross domestic product, current prices (National currency) Population (Persons).	412.000	2009
NGA	Nigeria	Gross domestic product, current prices	U.S. dollars	Billions	See notes for:  Gross domestic product, current prices (National currency).	515.431	2014
NGA	Nigeria	Gross domestic product per capita, current prices	U.S. dollars	Units	See notes for:  Gross domestic product, current prices (National currency) Population (Persons).	2,883.998	2012
NOR	Norway	Gross domestic product, current prices	U.S. dollars	Billions	See notes for:  Gross domestic product, current prices (National currency).	420.958	2014
NOR	Norway	Gross domestic product per capita, current prices	U.S. dollars	Units	See notes for:  Gross domestic product, current prices (National currency) Population (Persons).	80,748.895	2014
OMN	Oman	Gross domestic product, current prices	U.S. dollars	Billions	See notes for:  Gross domestic product, current prices (National currency).	62.935	2012
OMN	Oman	Gross domestic product per capita, current prices	U.S. dollars	Units	See notes for:  Gross domestic product, current prices (National currency) Population (Persons).	14,887.109	2012
PAK	Pakistan	Gross domestic product, current prices	U.S. dollars	Billions	See notes for:  Gross domestic product, current prices (National currency).	n/a	2014
PAK	Pakistan	Gross domestic product per capita, current prices	U.S. dollars	Units	See notes for:  Gross domestic product, current prices (National currency) Population (Persons).	n/a	2013
PLW	Palau	Gross domestic product, current prices	U.S. dollars	Billions	See notes for:  Gross domestic product, current prices (National currency).	0.278	2013
PLW	Palau	Gross domestic product per capita, current prices	U.S. dollars	Units	See notes for:  Gross domestic product, current prices (National currency) Population (Persons).	15,530.947	2013
PAN	Panama	Gross domestic product, current prices	U.S. dollars	Billions	See notes for:  Gross domestic product, current prices (National currency).	47.478	2014
PAN	Panama	Gross domestic product per capita, current prices	U.S. dollars	Units	See notes for:  Gross domestic product, current prices (National currency) Population (Persons).	11,850.871	2013
PNG	Papua New Guinea	Gross domestic product, current prices	U.S. dollars	Billions	See notes for:  Gross domestic product, current prices (National currency).	20.042	2013
PNG	Papua New Guinea	Gross domestic product per capita, current prices	U.S. dollars	Units	See notes for:  Gross domestic product, current prices (National currency) Population (Persons).	2,596.824	2012
PRY	Paraguay	Gross domestic product, current prices	U.S. dollars	Billions	See notes for:  Gross domestic product, current prices (National currency).	30.754	2013
PRY	Paraguay	Gross domestic product per capita, current prices	U.S. dollars	Units	See notes for:  Gross domestic product, current prices (National currency) Population (Persons).	4,382.521	2013
PER	Peru	Gross domestic product, current prices	U.S. dollars	Billions	See notes for:  Gross domestic product, current prices (National currency).	190.268	2014
PER	Peru	Gross domestic product per capita, current prices	U.S. dollars	Units	See notes for:  Gross domestic product, current prices (National currency) Population (Persons).	5,962.411	2010
PHL	Philippines	Gross domestic product, current prices	U.S. dollars	Billions	See notes for:  Gross domestic product, current prices (National currency).	308.033	2014
PHL	Philippines	Gross domestic product per capita, current prices	U.S. dollars	Units	See notes for:  Gross domestic product, current prices (National currency) Population (Persons).	3,037.115	2014
POL	Poland	Gross domestic product, current prices	U.S. dollars	Billions	See notes for:  Gross domestic product, current prices (National currency).	491.239	2013
POL	Poland	Gross domestic product per capita, current prices	U.S. dollars	Units	See notes for:  Gross domestic product, current prices (National currency) Population (Persons).	12,920.923	2013
PRT	Portugal	Gross domestic product, current prices	U.S. dollars	Billions	See notes for:  Gross domestic product, current prices (National currency).	201.036	2014
PRT	Portugal	Gross domestic product per capita, current prices	U.S. dollars	Units	See notes for:  Gross domestic product, current prices (National currency) Population (Persons).	19,323.968	2014
QAT	Qatar	Gross domestic product, current prices	U.S. dollars	Billions	See notes for:  Gross domestic product, current prices (National currency).	196.964	2013
QAT	Qatar	Gross domestic product per capita, current prices	U.S. dollars	Units	See notes for:  Gross domestic product, current prices (National currency) Population (Persons).	81,602.854	2013
ROU	Romania	Gross domestic product, current prices	U.S. dollars	Billions	See notes for:  Gross domestic product, current prices (National currency).	189.747	2014
ROU	Romania	Gross domestic product per capita, current prices	U.S. dollars	Units	See notes for:  Gross domestic product, current prices (National currency) Population (Persons).	9,570.450	2014
RUS	Russia	Gross domestic product, current prices	U.S. dollars	Billions	See notes for:  Gross domestic product, current prices (National currency).	1,175.996	2013
RUS	Russia	Gross domestic product per capita, current prices	U.S. dollars	Units	See notes for:  Gross domestic product, current prices (National currency) Population (Persons).	8,183.689	2013
RWA	Rwanda	Gross domestic product, current prices	U.S. dollars	Billions	See notes for:  Gross domestic product, current prices (National currency).	8.763	2014
RWA	Rwanda	Gross domestic product per capita, current prices	U.S. dollars	Units	See notes for:  Gross domestic product, current prices (National currency) Population (Persons).	768.654	2012
WSM	Samoa	Gross domestic product, current prices	U.S. dollars	Billions	See notes for:  Gross domestic product, current prices (National currency).	0.868	2014
WSM	Samoa	Gross domestic product per capita, current prices	U.S. dollars	Units	See notes for:  Gross domestic product, current prices (National currency) Population (Persons).	4,487.413	2011
SMR	San Marino	Gross domestic product, current prices	U.S. dollars	Billions	See notes for:  Gross domestic product, current prices (National currency).	1.543	2013
SMR	San Marino	Gross domestic product per capita, current prices	U.S. dollars	Units	See notes for:  Gross domestic product, current prices (National currency) Population (Persons).	49,139.008	2013
STP	São Tomé and Príncipe	Gross domestic product, current prices	U.S. dollars	Billions	See notes for:  Gross domestic product, current prices (National currency).	0.388	2012
STP	São Tomé and Príncipe	Gross domestic product per capita, current prices	U.S. dollars	Units	See notes for:  Gross domestic product, current prices (National currency) Population (Persons).	1,911.800	2011
SAU	Saudi Arabia	Gross domestic product, current prices	U.S. dollars	Billions	See notes for:  Gross domestic product, current prices (National currency).	648.971	2014
SAU	Saudi Arabia	Gross domestic product per capita, current prices	U.S. dollars	Units	See notes for:  Gross domestic product, current prices (National currency) Population (Persons).	20,677.221	2010
SEN	Senegal	Gross domestic product, current prices	U.S. dollars	Billions	See notes for:  Gross domestic product, current prices (National currency).	15.051	2013
SEN	Senegal	Gross domestic product per capita, current prices	U.S. dollars	Units	See notes for:  Gross domestic product, current prices (National currency) Population (Persons).	1,005.658	2011
SRB	Serbia	Gross domestic product, current prices	U.S. dollars	Billions	See notes for:  Gross domestic product, current prices (National currency).	40.665	2014
SRB	Serbia	Gross domestic product per capita, current prices	U.S. dollars	Units	See notes for:  Gross domestic product, current prices (National currency) Population (Persons).	5,676.184	2013
SYC	Seychelles	Gross domestic product, current prices	U.S. dollars	Billions	See notes for:  Gross domestic product, current prices (National currency).	1.378	2012
SYC	Seychelles	Gross domestic product per capita, current prices	U.S. dollars	Units	See notes for:  Gross domestic product, current prices (National currency) Population (Persons).	14,499.625	2011
SLE	Sierra Leone	Gross domestic product, current prices	U.S. dollars	Billions	See notes for:  Gross domestic product, current prices (National currency).	4.401	2013
SLE	Sierra Leone	Gross domestic product per capita, current prices	U.S. dollars	Units	See notes for:  Gross domestic product, current prices (National currency) Population (Persons).	696.393	2012
SGP	Singapore	Gross domestic product, current prices	U.S. dollars	Billions	See notes for:  Gross domestic product, current prices (National currency).	296.057	2014
SGP	Singapore	Gross domestic product per capita, current prices	U.S. dollars	Units	See notes for:  Gross domestic product, current prices (National currency) Population (Persons).	53,604.145	2014
SVK	Slovak Republic	Gross domestic product, current prices	U.S. dollars	Billions	See notes for:  Gross domestic product, current prices (National currency).	87.528	2014
SVK	Slovak Republic	Gross domestic product per capita, current prices	U.S. dollars	Units	See notes for:  Gross domestic product, current prices (National currency) Population (Persons).	16,137.763	2013
SVN	Slovenia	Gross domestic product, current prices	U.S. dollars	Billions	See notes for:  Gross domestic product, current prices (National currency).	43.021	2014
SVN	Slovenia	Gross domestic product per capita, current prices	U.S. dollars	Units	See notes for:  Gross domestic product, current prices (National currency) Population (Persons).	20,849.826	2014
SLB	Solomon Islands	Gross domestic product, current prices	U.S. dollars	Billions	See notes for:  Gross domestic product, current prices (National currency).	1.206	2013
SLB	Solomon Islands	Gross domestic product per capita, current prices	U.S. dollars	Units	See notes for:  Gross domestic product, current prices (National currency) Population (Persons).	2,052.046	2010
ZAF	South Africa	Gross domestic product, current prices	U.S. dollars	Billions	See notes for:  Gross domestic product, current prices (National currency).	323.809	2014
ZAF	South Africa	Gross domestic product per capita, current prices	U.S. dollars	Units	See notes for:  Gross domestic product, current prices (National currency) Population (Persons).	5,902.406	2014
SSD	South Sudan	Gross domestic product, current prices	U.S. dollars	Billions	See notes for:  Gross domestic product, current prices (National currency).	12.242	2014
SSD	South Sudan	Gross domestic product per capita, current prices	U.S. dollars	Units	See notes for:  Gross domestic product, current prices (National currency) Population (Persons).	1,029.370	2008
ESP	Spain	Gross domestic product, current prices	U.S. dollars	Billions	See notes for:  Gross domestic product, current prices (National currency).	1,230.207	2014
ESP	Spain	Gross domestic product per capita, current prices	U.S. dollars	Units	See notes for:  Gross domestic product, current prices (National currency) Population (Persons).	26,516.991	2014
LKA	Sri Lanka	Gross domestic product, current prices	U.S. dollars	Billions	See notes for:  Gross domestic product, current prices (National currency).	80.591	2012
LKA	Sri Lanka	Gross domestic product per capita, current prices	U.S. dollars	Units	See notes for:  Gross domestic product, current prices (National currency) Population (Persons).	3,818.161	2012
KNA	St. Kitts and Nevis	Gross domestic product, current prices	U.S. dollars	Billions	See notes for:  Gross domestic product, current prices (National currency).	0.890	2013
KNA	St. Kitts and Nevis	Gross domestic product per capita, current prices	U.S. dollars	Units	See notes for:  Gross domestic product, current prices (National currency) Population (Persons).	14,624.665	2003
LCA	St. Lucia	Gross domestic product, current prices	U.S. dollars	Billions	See notes for:  Gross domestic product, current prices (National currency).	1.410	2013
LCA	St. Lucia	Gross domestic product per capita, current prices	U.S. dollars	Units	See notes for:  Gross domestic product, current prices (National currency) Population (Persons).	8,249.549	2012
VCT	St. Vincent and the Grenadines	Gross domestic product, current prices	U.S. dollars	Billions	See notes for:  Gross domestic product, current prices (National currency).	0.758	2013
VCT	St. Vincent and the Grenadines	Gross domestic product per capita, current prices	U.S. dollars	Units	See notes for:  Gross domestic product, current prices (National currency) Population (Persons).	6,894.316	2001
SDN	Sudan	Gross domestic product, current prices	U.S. dollars	Billions	See notes for:  Gross domestic product, current prices (National currency).	76.204	2013
SDN	Sudan	Gross domestic product per capita, current prices	U.S. dollars	Units	See notes for:  Gross domestic product, current prices (National currency) Population (Persons).	1,982.661	2011
SUR	Suriname	Gross domestic product, current prices	U.S. dollars	Billions	See notes for:  Gross domestic product, current prices (National currency).	5.552	2011
SUR	Suriname	Gross domestic product per capita, current prices	U.S. dollars	Units	See notes for:  Gross domestic product, current prices (National currency) Population (Persons).	9,949.701	2011
SWZ	Swaziland	Gross domestic product, current prices	U.S. dollars	Billions	See notes for:  Gross domestic product, current prices (National currency).	3.634	2010
SWZ	Swaziland	Gross domestic product per capita, current prices	U.S. dollars	Units	See notes for:  Gross domestic product, current prices (National currency) Population (Persons).	3,248.197	2009
SWE	Sweden	Gross domestic product, current prices	U.S. dollars	Billions	See notes for:  Gross domestic product, current prices (National currency).	487.396	2014
SWE	Sweden	Gross domestic product per capita, current prices	U.S. dollars	Units	See notes for:  Gross domestic product, current prices (National currency) Population (Persons).	49,582.116	2014
CHE	Switzerland	Gross domestic product, current prices	U.S. dollars	Billions	See notes for:  Gross domestic product, current prices (National currency).	688.434	2014
CHE	Switzerland	Gross domestic product per capita, current prices	U.S. dollars	Units	See notes for:  Gross domestic product, current prices (National currency) Population (Persons).	84,069.785	2014
SYR	Syria	Gross domestic product, current prices	U.S. dollars	Billions	See notes for:  Gross domestic product, current prices (National currency).	n/a	2010
SYR	Syria	Gross domestic product per capita, current prices	U.S. dollars	Units	See notes for:  Gross domestic product, current prices (National currency) Population (Persons).	n/a	2010
TWN	Taiwan Province of China	Gross domestic product, current prices	U.S. dollars	Billions	See notes for:  Gross domestic product, current prices (National currency).	527.773	2014
TWN	Taiwan Province of China	Gross domestic product per capita, current prices	U.S. dollars	Units	See notes for:  Gross domestic product, current prices (National currency) Population (Persons).	22,464.012	2014
TJK	Tajikistan	Gross domestic product, current prices	U.S. dollars	Billions	See notes for:  Gross domestic product, current prices (National currency).	8.533	2013
TJK	Tajikistan	Gross domestic product per capita, current prices	U.S. dollars	Units	See notes for:  Gross domestic product, current prices (National currency) Population (Persons).	1,006.603	2013
TZA	Tanzania	Gross domestic product, current prices	U.S. dollars	Billions	See notes for:  Gross domestic product, current prices (National currency).	49.966	2012
TZA	Tanzania	Gross domestic product per capita, current prices	U.S. dollars	Units	See notes for:  Gross domestic product, current prices (National currency) Population (Persons).	1,017.736	2012
THA	Thailand	Gross domestic product, current prices	U.S. dollars	Billions	See notes for:  Gross domestic product, current prices (National currency).	386.291	2014
THA	Thailand	Gross domestic product per capita, current prices	U.S. dollars	Units	See notes for:  Gross domestic product, current prices (National currency) Population (Persons).	5,611.593	2014
TLS	Timor-Leste	Gross domestic product, current prices	U.S. dollars	Billions	See notes for:  Gross domestic product, current prices (National currency).	3.956	2012
TLS	Timor-Leste	Gross domestic product per capita, current prices	U.S. dollars	Units	See notes for:  Gross domestic product, current prices (National currency) Population (Persons).	3,114.006	2011
TGO	Togo	Gross domestic product, current prices	U.S. dollars	Billions	See notes for:  Gross domestic product, current prices (National currency).	4.514	2009
TGO	Togo	Gross domestic product per capita, current prices	U.S. dollars	Units	See notes for:  Gross domestic product, current prices (National currency) Population (Persons).	628.455	2009
TON	Tonga	Gross domestic product, current prices	U.S. dollars	Billions	See notes for:  Gross domestic product, current prices (National currency).	0.476	2012
TON	Tonga	Gross domestic product per capita, current prices	U.S. dollars	Units	See notes for:  Gross domestic product, current prices (National currency) Population (Persons).	4,638.866	2012
TTO	Trinidad and Tobago	Gross domestic product, current prices	U.S. dollars	Billions	See notes for:  Gross domestic product, current prices (National currency).	29.210	2012
TTO	Trinidad and Tobago	Gross domestic product per capita, current prices	U.S. dollars	Units	See notes for:  Gross domestic product, current prices (National currency) Population (Persons).	21,515.893	2012
TUN	Tunisia	Gross domestic product, current prices	U.S. dollars	Billions	See notes for:  Gross domestic product, current prices (National currency).	45.276	2014
TUN	Tunisia	Gross domestic product per capita, current prices	U.S. dollars	Units	See notes for:  Gross domestic product, current prices (National currency) Population (Persons).	4,075.213	2010
TUR	Turkey	Gross domestic product, current prices	U.S. dollars	Billions	See notes for:  Gross domestic product, current prices (National currency).	752.510	2013
TUR	Turkey	Gross domestic product per capita, current prices	U.S. dollars	Units	See notes for:  Gross domestic product, current prices (National currency) Population (Persons).	9,680.074	2013
TKM	Turkmenistan	Gross domestic product, current prices	U.S. dollars	Billions	See notes for:  Gross domestic product, current prices (National currency).	44.663	2013
TKM	Turkmenistan	Gross domestic product per capita, current prices	U.S. dollars	Units	See notes for:  Gross domestic product, current prices (National currency) Population (Persons).	7,585.083	2004
TUV	Tuvalu	Gross domestic product, current prices	U.S. dollars	Billions	See notes for:  Gross domestic product, current prices (National currency).	0.035	2012
TUV	Tuvalu	Gross domestic product per capita, current prices	U.S. dollars	Units	See notes for:  Gross domestic product, current prices (National currency) Population (Persons).	3,257.933	2012
UGA	Uganda	Gross domestic product, current prices	U.S. dollars	Billions	See notes for:  Gross domestic product, current prices (National currency).	26.814	2013
UGA	Uganda	Gross domestic product per capita, current prices	U.S. dollars	Units	See notes for:  Gross domestic product, current prices (National currency) Population (Persons).	684.169	2013
UKR	Ukraine	Gross domestic product, current prices	U.S. dollars	Billions	See notes for:  Gross domestic product, current prices (National currency).	85.440	2014
UKR	Ukraine	Gross domestic product per capita, current prices	U.S. dollars	Units	See notes for:  Gross domestic product, current prices (National currency) Population (Persons).	2,001.646	2013
ARE	United Arab Emirates	Gross domestic product, current prices	U.S. dollars	Billions	See notes for:  Gross domestic product, current prices (National currency).	363.707	2013
ARE	United Arab Emirates	Gross domestic product per capita, current prices	U.S. dollars	Units	See notes for:  Gross domestic product, current prices (National currency) Population (Persons).	37,962.107	2010
GBR	United Kingdom	Gross domestic product, current prices	U.S. dollars	Billions	See notes for:  Gross domestic product, current prices (National currency).	2,853.357	2014
GBR	United Kingdom	Gross domestic product per capita, current prices	U.S. dollars	Units	See notes for:  Gross domestic product, current prices (National currency) Population (Persons).	43,940.000	2014
USA	United States	Gross domestic product, current prices	U.S. dollars	Billions	See notes for:  Gross domestic product, current prices (National currency).	18,124.731	2014
USA	United States	Gross domestic product per capita, current prices	U.S. dollars	Units	See notes for:  Gross domestic product, current prices (National currency) Population (Persons).	56,421.393	2014
URY	Uruguay	Gross domestic product, current prices	U.S. dollars	Billions	See notes for:  Gross domestic product, current prices (National currency).	56.845	2014
URY	Uruguay	Gross domestic product per capita, current prices	U.S. dollars	Units	See notes for:  Gross domestic product, current prices (National currency) Population (Persons).	16,641.572	2014
UZB	Uzbekistan	Gross domestic product, current prices	U.S. dollars	Billions	See notes for:  Gross domestic product, current prices (National currency).	68.190	2012
UZB	Uzbekistan	Gross domestic product per capita, current prices	U.S. dollars	Units	See notes for:  Gross domestic product, current prices (National currency) Population (Persons).	2,201.728	2010
VUT	Vanuatu	Gross domestic product, current prices	U.S. dollars	Billions	See notes for:  Gross domestic product, current prices (National currency).	0.745	2013
VUT	Vanuatu	Gross domestic product per capita, current prices	U.S. dollars	Units	See notes for:  Gross domestic product, current prices (National currency) Population (Persons).	2,775.493	2013
VEN	Venezuela	Gross domestic product, current prices	U.S. dollars	Billions	See notes for:  Gross domestic product, current prices (National currency).	169.673	2013
VEN	Venezuela	Gross domestic product per capita, current prices	U.S. dollars	Units	See notes for:  Gross domestic product, current prices (National currency) Population (Persons).	5,485.104	2010
VNM	Vietnam	Gross domestic product, current prices	U.S. dollars	Billions	See notes for:  Gross domestic product, current prices (National currency).	204.493	2013
VNM	Vietnam	Gross domestic product per capita, current prices	U.S. dollars	Units	See notes for:  Gross domestic product, current prices (National currency) Population (Persons).	2,232.989	2012
YEM	Yemen	Gross domestic product, current prices	U.S. dollars	Billions	See notes for:  Gross domestic product, current prices (National currency).	43.140	2008
YEM	Yemen	Gross domestic product per capita, current prices	U.S. dollars	Units	See notes for:  Gross domestic product, current prices (National currency) Population (Persons).	1,525.252	2008
ZMB	Zambia	Gross domestic product, current prices	U.S. dollars	Billions	See notes for:  Gross domestic product, current prices (National currency).	28.445	2013
ZMB	Zambia	Gross domestic product per capita, current prices	U.S. dollars	Units	See notes for:  Gross domestic product, current prices (National currency) Population (Persons).	1,832.777	2010
ZWE	Zimbabwe	Gross domestic product, current prices	U.S. dollars	Billions	See notes for:  Gross domestic product, current prices (National currency).	13.966	2012
ZWE	Zimbabwe	Gross domestic product per capita, current prices	U.S. dollars	Units	See notes for:  Gross domestic product, current prices (National currency) Population (Persons).	1,041.722	2012

International Monetary Fund, World Economic Outlook Database, April 2015